date,total_demand,total_day_ahead_forecast,temperature_Haifa,temperature_Jerusalem,temperature_Tel_Aviv
01-04-2023,57645.42,57335.0,12.45,9.825,15.925
02-04-2023,61254.83,59837.0,14.7125,14.725,16.7375
03-04-2023,60566.84,60323.0,19.8,19.6875,18.7125
04-04-2023,60075.95,59673.0,21.85,20.95,21.65
05-04-2023,55590.3,53818.0,14.25,13.6875,18.675
06-04-2023,50803.82,49565.0,14.0125,13.775,18.1125
07-04-2023,52052.77,51930.0,18.55,19.6375,21.175
08-04-2023,50770.57,47578.0,18.7375,22.3,20.2
09-04-2023,42619.12,41732.0,23.016666666666666,24.349999999999998,23.28333333333333
10-04-2023,57490.3,55591.0,23.325,21.0,23.8875
11-04-2023,55548.85,55524.0,13.725,11.5375,18.0125
12-04-2023,56233.38,54687.0,9.6875,7.975,15.125
13-04-2023,64669.3,60740.0,11.8,8.325,16.3125
14-04-2023,56402.409999999996,57850.0,14.975000000000001,13.85,17.75
15-04-2023,52371.69,54150.0,19.05,17.85,18.775
16-04-2023,58008.15,57575.0,20.675,20.0625,19.5125
17-04-2023,58596.83,58031.0,23.1,22.675,20.4875
18-04-2023,53210.22,52349.0,24.514285714285712,23.914285714285715,22.071428571428573
19-04-2023,22326.18,22206.0,25.099999999999998,21.900000000000002,22.933333333333334
20-04-2023,37565.38,37431.0,15.1,13.739999999999998,19.560000000000002
21-04-2023,54105.87,56457.0,15.0625,13.7625,18.8875
22-04-2023,43093.36,47201.0,15.1,16.742857142857144,18.271428571428572
23-04-2023,55070.04,58487.0,16.7125,17.3875,19.325
24-04-2023,56445.05,56744.0,16.1625,16.275,19.6875
25-04-2023,54383.82,54159.0,15.6,15.799999999999999,18.8875
26-04-2023,50318.26,51907.0,15.987499999999999,16.95,19.1125
27-04-2023,56862.99,57286.0,18.9875,19.1625,20.1875
28-04-2023,55138.26,53832.0,15.3375,14.275,19.8875
29-04-2023,53127.25,52537.0,13.35,11.025,19.0625
30-04-2023,57925.09,58316.0,13.5875,11.3125,18.675
01-05-2023,57765.43,58674.0,14.7125,13.9375,18.3875
02-05-2023,58018.65,57125.0,15.7125,17.1,19.075
03-05-2023,58963.93,58975.0,19.25,19.875,20.6
04-05-2023,61836.89,62286.0,24.55,24.3375,21.3625
05-05-2023,61252.46,60797.0,22.0125,23.55,23.15
06-05-2023,55044.09,55165.0,17.0375,17.275,21.0125
07-05-2023,61219.3,58640.0,16.025,15.525,20.375
08-05-2023,60318.46,61063.0,16.175,15.2,20.0125
09-05-2023,60297.6,59592.0,16.8625,16.6875,20.3625
10-05-2023,61230.990000000005,61378.0,19.4,21.575,20.9125
11-05-2023,61235.24,61475.0,25.9875,25.6375,21.8
12-05-2023,60044.12,57663.0,20.05,20.7625,22.4875
13-05-2023,54970.56,54345.0,16.2,16.025,21.0375
14-05-2023,61514.04,61115.0,17.525,19.1125,20.7625
15-05-2023,64307.21,62796.0,20.225,23.075,21.6
16-05-2023,67888.25,66935.0,27.0125,26.9375,23.05
17-05-2023,71271.04,67434.0,25.4,26.65,23.725
18-05-2023,66147.03,68003.0,17.6875,17.025,21.925
19-05-2023,57050.39,61598.0,17.0375,15.0,21.125
20-05-2023,54480.34,56654.0,16.3875,15.2375,21.0375
21-05-2023,61636.07,65628.0,18.775,19.1375,22.05
22-05-2023,58778.35,60837.0,22.614285714285717,23.428571428571427,26.685714285714287
23-05-2023,38596.04,37491.0,18.240000000000002,18.82,22.52
24-05-2023,32836.380000000005,34800.0,24.025,22.825,23.65
25-05-2023,31819.73,30803.0,21.425,21.125,22.7
26-05-2023,28537.03,29387.0,19.525,20.675,21.625
27-05-2023,48072.630000000005,52591.0,27.266666666666666,26.55,29.150000000000002
28-05-2023,71563.74,74718.0,23.35,20.6,26.0875
29-05-2023,69136.62,67621.0,19.0375,19.5625,22.7875
30-05-2023,67594.09,70216.0,19.35,21.025,22.475
31-05-2023,67496.41,70277.0,20.575,22.1375,22.7875
01-06-2023,71631.5,75974.0,25.6,25.725,25.65
02-06-2023,79845.62,81197.0,30.075,29.5875,32.1
03-06-2023,72247.45999999999,67648.0,22.2,24.1625,24.2375
04-06-2023,70162.66,70054.0,19.6625,20.8625,22.6875
05-06-2023,68123.4,72205.0,19.7,20.575,22.9125
06-06-2023,68562.47,69724.0,20.3375,21.1125,22.95
07-06-2023,70766.21,71390.0,21.7125,22.7375,23.725
08-06-2023,71752.05,75451.0,23.875,25.825,24.0625
09-06-2023,76095.41,77002.0,27.7875,26.975,27.025
10-06-2023,70523.62,68893.0,22.65,22.575,24.4875
11-06-2023,72335.81999999999,71201.0,19.9375,20.4375,23.8375
12-06-2023,71346.97,73849.0,20.2125,20.725,23.9125
13-06-2023,70152.22,71928.0,21.4125,21.425,24.0
14-06-2023,71883.78,72092.0,21.8875,21.85,24.625
15-06-2023,71060.32,72676.0,20.35,19.7,24.1875
16-06-2023,69793.55,68990.0,22.1125,23.4125,24.525000000000002
17-06-2023,70731.16,70079.0,25.35,25.25,26.25
18-06-2023,72619.93,75253.0,20.5,19.35,24.8
19-06-2023,70601.88,73566.0,19.875,18.425,24.1375
20-06-2023,71268.89,71484.0,20.9875,19.6,24.6
21-06-2023,73604.14,72148.0,21.65,21.9,25.0625
22-06-2023,74354.97,74526.0,21.8625,22.425,25.0
23-06-2023,72512.61,72188.0,24.0,23.5,25.4625
24-06-2023,70504.03,69511.0,25.0125,24.4,26.0625
25-06-2023,80093.29000000001,76744.0,23.4375,24.35,25.6
26-06-2023,76480.54,79502.0,21.8125,22.6875,25.5625
27-06-2023,75721.25,78816.0,21.475,22.825,25.575
28-06-2023,74541.39,77770.0,22.0125,23.4,25.575
29-06-2023,74043.03,76581.0,21.8125,21.8,26.075
30-06-2023,72227.71,73340.0,21.8125,21.825,26.05
01-07-2023,70051.94,71334.0,22.3125,23.175,26.225
02-07-2023,77178.1,79339.0,21.8125,21.575,26.05
03-07-2023,78215.98999999999,80069.0,23.0625,24.05,26.05
04-07-2023,80063.8,79630.0,24.775,27.0625,26.4625
05-07-2023,82010.53,80484.0,23.4,25.075,26.6875
06-07-2023,81008.75,82686.0,22.6875,21.9375,27.0
07-07-2023,77278.70999999999,76796.0,22.75,21.7625,27.175
08-07-2023,75373.29,73553.0,22.85,23.037499999999998,27.2125
09-07-2023,84440.35,82523.0,23.0625,23.0,27.8375
10-07-2023,85967.95,85590.0,23.7375,22.8875,27.8875
11-07-2023,88423.12,87581.0,24.95,24.5125,28.0
12-07-2023,87647.13,91499.0,26.2125,27.75,27.8
13-07-2023,91266.7,91021.0,26.6875,29.5875,28.15
14-07-2023,87404.93,89037.0,27.325,28.6875,27.9
15-07-2023,85456.3,86460.0,25.7125,28.775,28.2625
16-07-2023,93918.84,94056.0,26.8,29.55,28.2375
17-07-2023,95936.64,94801.0,27.225,29.3375,28.5625
18-07-2023,96268.69,96018.0,25.35,28.0625,28.425
19-07-2023,94316.92,96310.0,25.4875,28.224999999999998,28.35
20-07-2023,92852.2,94739.0,25.3125,28.4375,28.4875
21-07-2023,87501.5,89834.0,24.9625,27.1125,28.3125
22-07-2023,84294.1,87495.0,24.55,27.725,28.125
23-07-2023,95918.9,95271.0,25.65,29.7125,28.9875
24-07-2023,67258.9,67317.0,27.1,30.78,31.080000000000002
25-07-2023,100560.59,98735.0,27.6875,30.0125,29.5
26-07-2023,100174.03,99627.0,28.3625,29.375,29.575
27-07-2023,96995.72,98651.0,27.7125,30.1,29.7125
28-07-2023,91716.35,90715.0,27.4625,29.625,29.525
29-07-2023,87185.24,87588.0,24.7625,26.65,28.9375
30-07-2023,92003.06999999999,91455.0,24.1375,23.725,28.8625
31-07-2023,93070.83,93339.0,24.8125,25.65,28.5875
01-08-2023,94922.48,91603.0,25.45,27.725,29.0
02-08-2023,93953.52,95099.0,25.025,27.55,28.9375
03-08-2023,92176.3,94747.0,24.525,25.2375,28.5625
04-08-2023,86895.11,89648.0,24.3875,23.8,28.725
05-08-2023,84277.08,85746.0,24.4875,23.925,28.9875
06-08-2023,90529.04,93212.0,24.725,26.0,28.6125
07-08-2023,91692.34,88969.0,25.4625,26.7625,29.2375
08-08-2023,90562.79,90450.0,24.8625,23.9875,28.825
09-08-2023,91567.32,91448.0,25.25,24.05,29.1
10-08-2023,90800.5,90566.0,24.9875,23.9625,29.075
11-08-2023,86871.66,87734.0,25.2125,24.2125,29.1375
12-08-2023,76505.72,76361.0,25.271428571428572,25.657142857142855,28.87142857142857
13-08-2023,102584.94,100414.0,27.7125,29.3625,29.8875
14-08-2023,33446.55,32440.0,25.599999999999998,24.866666666666664,29.833333333333332
20-08-2023,64116.54,63026.0,25.78,26.380000000000003,29.22
21-08-2023,91724.18000000001,92559.0,24.9625,24.2125,28.5375
22-08-2023,90964.18,91729.0,25.4875,25.7,28.4375
23-08-2023,92722.35,91122.0,25.9,25.7875,28.675
24-08-2023,91851.53,91275.0,25.025,24.3875,28.6125
25-08-2023,85157.51000000001,86414.0,24.4,23.4125,28.5625
26-08-2023,84004.31999999999,83653.0,24.3875,23.5125,28.5625
27-08-2023,89089.70999999999,90337.0,24.1375,22.975,28.6
28-08-2023,89530.65000000001,89372.0,23.9625,22.7,28.5875
29-08-2023,89925.75,88710.0,23.8625,23.175,28.9375
30-08-2023,91062.94,89885.0,24.2625,26.375,28.1875
31-08-2023,91802.87,91704.0,24.775,27.7,28.1375
01-09-2023,87617.72,85460.0,24.9,27.2125,28.45
02-09-2023,79980.42,82564.0,23.625,22.8875,28.3375
03-09-2023,86798.16,89252.0,24.1875,22.8625,28.3
04-09-2023,87033.5,87687.0,24.45,23.9625,27.912499999999998
05-09-2023,88392.04,88310.0,25.7875,26.45,28.8625
06-09-2023,90875.85,93221.0,27.5125,28.112499999999997,29.3
07-09-2023,88568.94,92987.0,25.85,28.925,28.912499999999998
08-09-2023,89445.41,87431.0,30.599999999999998,31.7,29.7
09-09-2023,78876.06999999999,77949.0,24.771428571428572,25.514285714285712,29.2
10-09-2023,90949.69,88904.0,24.2,23.375,28.5375
11-09-2023,90997.06,90403.0,26.325,26.2875,29.5875
12-09-2023,94828.06,91345.0,27.7375,27.037499999999998,29.85
13-09-2023,88088.14,91778.0,25.625,22.1625,27.575000000000003
14-09-2023,85339.65000000001,84131.0,24.475,22.5625,27.6125
15-09-2023,69183.92,71474.0,24.142857142857142,22.67142857142857,26.985714285714288
16-09-2023,72343.25,75093.0,24.625,22.025,27.275
17-09-2023,73270.4,74506.0,23.6125,22.4375,27.325
18-09-2023,81312.63,81061.0,23.2625,24.9625,26.85
19-09-2023,81612.22,81416.0,23.075,24.225,27.075
20-09-2023,80969.87,81653.0,23.7625,21.8375,27.575
21-09-2023,82181.56,81056.0,24.225,22.3875,27.9125
22-09-2023,80169.47,78434.0,24.5625,24.5375,27.8
23-09-2023,78260.95999999999,76091.0,24.6875,25.875,28.175
24-09-2023,77404.19,73200.0,23.6875,24.5375,27.7875
25-09-2023,71865.70999999999,65916.0,23.4375,25.2875,27.2875
26-09-2023,81868.46,80596.0,23.1625,25.3375,26.8625
27-09-2023,81929.32,81578.0,23.5625,25.15,26.975
28-09-2023,83424.0,83936.0,25.025,26.325,27.125
29-09-2023,78938.41,81241.0,25.5875,27.375,27.6
30-09-2023,72082.2,76821.0,24.175,24.2625,27.475
01-10-2023,76182.87,77907.0,22.8375,20.974999999999998,27.625
02-10-2023,70976.79,75444.0,22.45,19.3875,26.9625
03-10-2023,70600.65,71418.0,22.225,20.0375,26.0
04-10-2023,70324.23,69196.0,22.3125,20.5875,26.2625
05-10-2023,72121.11,70818.0,22.8875,23.8625,26.95
06-10-2023,70672.77,67586.0,22.875,21.2375,26.9125
07-10-2023,64521.72,62878.0,23.0875,20.7625,25.95
08-10-2023,67383.94,70919.0,22.775,21.9125,26.3
09-10-2023,67174.5,66421.0,22.2375,22.5,25.925
10-10-2023,67533.02,65523.0,22.3125,19.9,26.65
11-10-2023,66073.84,66811.0,21.2125,19.575,25.3375
12-10-2023,65942.76,65427.0,21.925,19.9125,25.7125
13-10-2023,63453.57,62940.0,22.3875,20.425,25.3125
14-10-2023,60526.76,59550.0,21.875,19.9125,25.0875
15-10-2023,62996.229999999996,64731.0,20.35,17.3375,24.75
16-10-2023,62686.31,64784.0,20.8375,18.1875,25.2375
17-10-2023,62494.21,61960.0,21.0625,18.4625,24.1
18-10-2023,61428.9,62401.0,20.7625,18.8,24.4
19-10-2023,63063.57,61556.0,20.8625,18.4875,24.4375
20-10-2023,60744.39,59770.0,20.925,19.0875,24.6375
21-10-2023,57718.36,57897.0,22.1875,22.2875,24.3875
22-10-2023,66734.0,66721.0,25.6375,23.7125,25.4
23-10-2023,69019.38,65997.0,25.1875,22.9875,25.3875
24-10-2023,70129.82,67129.0,24.0625,23.275,25.675
25-10-2023,69786.17,70331.0,25.6875,24.7375,25.6375
26-10-2023,71943.39,70338.0,27.6125,26.575,27.1375
27-10-2023,69336.08,69324.0,28.175,26.6125,27.5375
28-10-2023,67837.13,66254.0,26.2,26.0625,26.475
29-10-2023,71676.3,70630.0,25.7,22.55,27.4
30-10-2023,60842.34,62257.0,23.557142857142857,20.342857142857145,28.457142857142856
31-10-2023,72054.69,71404.0,24.2625,21.9125,28.05
01-11-2023,63914.380000000005,61695.0,24.771428571428572,21.185714285714287,26.142857142857142
02-11-2023,71344.2,70722.0,22.5,21.4625,25.4
03-11-2023,65483.36,66175.0,21.4625,21.675,24.675
04-11-2023,60542.09,64525.0,22.975,23.7,23.95
05-11-2023,65532.97,70226.0,23.225,23.8125,24.2
06-11-2023,65475.54,63195.0,21.95,22.4625,23.7125
07-11-2023,56479.37,56070.0,22.214285714285715,22.842857142857145,23.2
08-11-2023,64729.770000000004,63413.0,21.075,22.95,22.9
09-11-2023,64253.68,64196.0,20.4875,21.8625,22.9625
10-11-2023,60456.899999999994,59892.0,20.5125,19.475,23.462500000000002
11-11-2023,56254.54,57123.0,20.9875,21.025,23.45
12-11-2023,63554.54,63228.0,23.2,22.2375,25.224999999999998
13-11-2023,64583.79,63628.0,22.725,21.9125,25.325
14-11-2023,63961.55,62679.0,19.55,16.9125,22.925
15-11-2023,60565.02,63770.0,18.3625,15.8875,21.8875
16-11-2023,61542.6,60235.0,19.0125,17.2,22.0
17-11-2023,58928.78,56486.0,18.75,17.6125,22.8875
18-11-2023,55503.28,52989.0,19.3,17.625,22.525
19-11-2023,62284.0,62507.0,14.4,13.7625,19.8375
20-11-2023,61883.55,63254.0,15.275,11.275,20.75
21-11-2023,60311.72,61080.0,16.975,13.6875,20.8375
22-11-2023,55002.58,54402.0,16.257142857142856,14.342857142857143,21.8
23-11-2023,61095.33,59672.0,17.4,16.475,21.5
24-11-2023,57039.37,57636.0,17.875,16.5875,20.1
25-11-2023,55247.2,54503.0,18.3875,17.7875,20.8875
26-11-2023,60297.83,61193.0,18.0,15.75,22.6875
27-11-2023,64298.04,63957.0,14.1,10.775,19.6625
28-11-2023,64948.75,63737.0,14.0,10.675,18.6875
29-11-2023,54792.54,54952.0,14.557142857142859,12.714285714285714,18.071428571428573
30-11-2023,56324.64,56224.0,16.5,16.014285714285712,19.342857142857145
01-12-2023,39969.93,44839.0,16.4,16.349999999999998,19.816666666666666
02-12-2023,54369.09,54940.0,17.2875,17.175,19.1625
03-12-2023,59742.92,61570.0,18.9875,17.7125,20.925
04-12-2023,59622.369999999995,60195.0,20.575,20.05,21.9125
05-12-2023,53972.64,54264.0,19.785714285714285,18.242857142857144,20.842857142857145
06-12-2023,61925.8,62626.0,15.6375,13.8,20.1875
07-12-2023,61927.62,62825.0,15.4375,14.3,19.5375
08-12-2023,56970.840000000004,58576.0,16.55,15.1,19.2125
09-12-2023,57856.29,57893.0,13.7625,12.2125,18.5125
10-12-2023,61461.67999999999,62442.0,15.725,13.925,18.2125
11-12-2023,60741.25,61874.0,17.3625,15.8625,18.575
12-12-2023,62683.36,63169.0,16.275,13.7,17.25
13-12-2023,65031.22,67145.0,15.0125,11.7,19.9375
14-12-2023,62682.61,63478.0,15.5125,12.85,19.0125
15-12-2023,58816.89,56912.0,14.875,13.5625,18.375
16-12-2023,56389.68,54608.0,16.4875,16.0625,19.0375
17-12-2023,62685.22,61853.0,17.3375,15.675,18.4625
18-12-2023,63170.37,63130.0,14.875,13.0,18.55
19-12-2023,63539.61,62303.0,13.1,11.85,18.3
20-12-2023,64778.82,62833.0,13.3,12.0,19.5
21-12-2023,66071.75,64741.0,13.3375,12.4375,20.1375
22-12-2023,64509.52,63759.0,12.7,10.6875,18.35
23-12-2023,64683.89,61084.0,13.4375,10.6625,18.675
24-12-2023,68521.91,69557.0,14.425,10.875,16.775
25-12-2023,65463.08,67579.0,15.125,12.3625,17.9375
26-12-2023,64480.81,65386.0,15.1875,13.4,19.5125
27-12-2023,64220.57,64756.0,14.950000000000001,13.2625,20.5375
28-12-2023,64270.0,64201.0,15.1,12.675,17.9625
29-12-2023,60137.340000000004,60017.0,14.3125,10.9875,18.4
30-12-2023,57715.06,57871.0,14.825,11.85,18.9
31-12-2023,63560.72,63928.0,14.775,12.075,17.625
01-01-2024,53199.96,54404.0,15.457142857142857,12.357142857142858,16.97142857142857
02-01-2024,65310.229999999996,64036.0,14.8125,11.475,17.175
03-01-2024,67144.88,65026.0,14.0125,11.7625,17.0375
04-01-2024,65656.16,66270.0,14.35,12.9125,17.65
05-01-2024,63567.61,64283.0,14.125,11.675,17.8125
06-01-2024,57985.37,57603.0,15.375,13.7875,18.975
07-01-2024,62422.94,62630.0,16.6375,16.0125,18.8
08-01-2024,63010.05,64238.0,16.7875,16.325,17.8625
09-01-2024,47979.24,51551.0,15.083333333333334,13.6,17.866666666666667
10-01-2024,66931.41,65972.0,12.1,9.95,15.95
11-01-2024,72424.4,74626.0,11.2,8.5375,15.5625
12-01-2024,71129.08,73933.0,12.0875,8.275,16.475
13-01-2024,65567.33,70106.0,12.05,9.85,17.4
14-01-2024,73001.88,79250.0,11.6625,8.3875,15.8125
15-01-2024,74341.92,78640.0,10.825,8.7875,14.2875
16-01-2024,71175.84,70599.0,12.25,10.3125,15.0625
17-01-2024,73346.5,71804.0,12.45,10.45,14.8875
18-01-2024,70026.85,70065.0,14.125,12.399999999999999,15.325
19-01-2024,63700.46000000001,64272.0,14.85,13.0625,16.1625
20-01-2024,60008.5,59851.0,16.375,14.775,16.5125
21-01-2024,65976.41,67044.0,18.075,16.6125,17.5375
22-01-2024,65712.08,66788.0,17.0875,15.45,17.85
23-01-2024,71546.09,72662.0,12.425,10.0375,17.1375
24-01-2024,74066.11,74199.0,11.2375,8.5125,15.5875
25-01-2024,73574.98,71903.0,10.175,9.45,14.9125
26-01-2024,75149.57,73454.0,10.3875,8.05,15.4875
27-01-2024,71178.27,67695.0,9.975,6.35,15.75
28-01-2024,79479.15,77092.0,9.4,6.975,12.875
29-01-2024,79696.62,82871.0,8.4625,7.025,12.8
30-01-2024,84948.77,85226.0,7.275,6.1,12.5
31-01-2024,84840.62,88059.0,6.637499999999999,5.975,11.0625
01-02-2024,87256.79,86911.0,6.875,5.4,11.9125
02-02-2024,81494.38,84665.0,8.825,5.675,12.65
03-02-2024,78329.25,78270.0,9.0,7.35,12.8375
05-02-2024,84553.71,83548.0,10.325,8.275,14.5875
06-02-2024,75496.6,76606.0,12.6625,9.8,17.0625
07-02-2024,71951.74,72659.0,13.1875,11.7,15.95
08-02-2024,68216.6,69658.0,14.7375,13.875,16.225
09-02-2024,64370.14,63263.0,13.2375,11.1375,15.775
10-02-2024,62523.75,59935.0,13.0625,10.2375,15.674999999999999
11-02-2024,67340.63,64375.0,13.7,12.375,15.75
12-02-2024,66372.6,63812.0,15.8875,14.3625,18.3625
13-02-2024,65542.5,63936.0,15.8,14.625,19.825
14-02-2024,70678.20999999999,71468.0,11.25,10.2625,17.25
15-02-2024,70715.63,75284.0,11.3875,10.4875,15.9
16-02-2024,73613.59,68197.0,8.9,8.65,15.1625
17-02-2024,71085.09,64434.0,9.9375,9.2,14.8875
18-02-2024,74639.59999999999,72867.0,11.325,9.275,14.175
19-02-2024,74350.33,72385.0,11.6625,8.6875,16.0625
20-02-2024,73582.91,70510.0,11.5625,9.575,15.2375
21-02-2024,69943.77,69170.0,13.0625,10.8625,15.1625
22-02-2024,68849.94,67689.0,13.137500000000001,10.5875,15.412500000000001
23-02-2024,65851.68000000001,63767.0,12.55,12.0625,15.674999999999999
24-02-2024,62847.48,60401.0,14.7625,11.7375,17.7375
25-02-2024,65413.75,66093.0,13.7625,11.7875,16.5375
26-02-2024,64422.65,64911.0,14.2125,13.3875,16.4625
27-02-2024,53568.36,51339.0,12.814285714285715,11.428571428571429,16.428571428571427
28-02-2024,64601.86,63289.0,13.4625,11.8625,16.9
29-02-2024,65000.72,62385.0,13.25,12.075000000000001,19.6875
01-03-2024,61020.65,58927.0,13.3625,12.7875,20.6
02-03-2024,58161.01,56607.0,15.125,14.5125,18.7
03-03-2024,65440.299999999996,67091.0,13.0625,10.45,18.0375
04-03-2024,65325.78,66459.0,13.175,10.8375,17.037499999999998
05-03-2024,63136.88,62879.0,14.037500000000001,13.6,17.0
06-03-2024,48403.37,47249.0,13.666666666666666,12.083333333333334,16.916666666666668
07-03-2024,65199.84,66035.0,13.0125,10.3125,18.1875
08-03-2024,61072.240000000005,62796.0,13.0875,10.6875,16.625
09-03-2024,59086.9,59439.0,13.05,10.65,16.7
10-03-2024,64003.46,64502.0,13.35,10.8375,16.1625
11-03-2024,53638.04,52565.0,13.457142857142857,12.314285714285715,16.285714285714285
12-03-2024,61285.95,61450.0,17.6,16.9875,18.2375
13-03-2024,61184.56,60391.0,17.1,18.125,17.7375
14-03-2024,61726.92,62485.0,13.7125,12.425,17.7375
15-03-2024,60423.229999999996,58780.0,12.6875,10.9625,17.45
16-03-2024,57444.0,55434.0,13.15,11.6,16.55
17-03-2024,62713.66,61045.0,15.475,17.45,18.65
18-03-2024,63281.09,62681.0,15.325,13.4125,18.4125
19-03-2024,69938.44,66488.0,11.8125,8.575,16.2625
20-03-2024,66670.0,64511.0,13.1875,11.775,17.7875
21-03-2024,63789.9,62488.0,15.037500000000001,14.924999999999999,18.5875
22-03-2024,60402.65,60346.0,12.7,9.674999999999999,17.8125
23-03-2024,57720.96,58031.0,12.6375,10.7125,17.075
24-03-2024,62267.46,67921.0,12.65,10.4125,16.8375
25-03-2024,64295.95,63970.0,12.9625,9.4,17.1125
26-03-2024,64332.92,62895.0,13.762500000000001,13.425,18.5875
27-03-2024,61205.04,60377.0,19.5875,18.9125,19.9625
28-03-2024,60697.21,59915.0,23.55,22.6125,22.425
29-03-2024,56610.89,56840.0,21.475,19.7875,20.5875
30-03-2024,53892.8,52052.0,21.7125,20.475,20.35
31-03-2024,61235.31,59853.0,22.6625,20.95,23.775
01-04-2024,62925.19,61167.0,23.575,22.1875,25.3125
02-04-2024,65209.81,60374.0,24.3875,23.35,22.7
03-04-2024,64167.66,62332.0,22.6375,22.175,20.7875
04-04-2024,62035.6,62973.0,20.975,21.3125,19.475
05-04-2024,57109.340000000004,57815.0,16.8875,19.2,19.8125
06-04-2024,54195.09,53728.0,15.175,13.875,19.7125
07-04-2024,60131.92,60527.0,14.725,14.325,19.55
08-04-2024,60766.91,61042.0,14.5875,14.7,18.725
09-04-2024,61060.15,61264.0,14.3375,13.7125,18.8125
10-04-2024,61579.69,61694.0,14.2375,11.9875,19.275
11-04-2024,58714.01,60040.0,15.05,14.675,19.4375
12-04-2024,55239.84,55034.0,16.0,16.475,19.8
13-04-2024,53234.12,52948.0,16.875,15.612499999999999,20.45
14-04-2024,59975.67,57790.0,15.8875,15.15,20.425
15-04-2024,60406.189999999995,58901.0,17.0375,16.0375,20.75
16-04-2024,61402.65,60333.0,20.8625,20.4625,21.875
17-04-2024,64677.64,65253.0,26.075,24.2375,24.8375
18-04-2024,64686.48,63479.0,20.225,19.625,23.2875
19-04-2024,57807.15,55615.0,17.3,16.5875,20.8625
20-04-2024,54637.32,53050.0,17.65,18.9625,20.525
21-04-2024,60007.62,58259.0,17.05,16.15,20.95
22-04-2024,56183.13,55877.0,17.8375,19.0,20.4875
23-04-2024,54834.72,56384.0,24.7625,25.25,22.6875
24-04-2024,67663.12,69505.0,29.4875,27.7625,28.7125
25-04-2024,74833.05,72202.0,30.825,29.2125,29.3375
26-04-2024,63879.479999999996,62327.0,19.0125,20.2875,22.6
27-04-2024,57814.09,54541.0,17.6875,19.675,21.8875
28-04-2024,58861.88,57058.0,19.075,19.1625,22.0625
29-04-2024,57724.1,54017.0,18.2625,18.275,22.4375
30-04-2024,65100.4,60712.0,17.0,17.4,21.85
01-05-2024,64552.01,64079.0,17.2625,16.95,22.2
02-05-2024,64071.7,63643.0,16.925,16.775,22.4125
03-05-2024,60217.86,59370.0,17.1,16.8625,21.9125
04-05-2024,57000.44,56185.0,17.0375,17.125,22.075
05-05-2024,61551.590000000004,63371.0,15.65,15.425,21.4875
06-05-2024,61469.17,64191.0,16.275,13.325,20.925
07-05-2024,47226.8,48574.0,17.083333333333332,15.6,21.599999999999998
08-05-2024,61488.74,63082.0,18.175,18.7,20.8875
09-05-2024,64907.33,68427.0,24.3875,23.6875,22.975
10-05-2024,67547.44,71591.0,27.4625,26.8625,27.0125
11-05-2024,61960.34,61850.0,20.1875,19.875,23.5
12-05-2024,63766.27,61538.0,17.3875,15.975,22.05
13-05-2024,59362.15,59826.0,16.712500000000002,14.825,21.8875
14-05-2024,55589.32,56018.0,17.1625,16.225,21.8375
17-05-2024,60547.75,58377.0,21.175,22.5875,22.3875
18-05-2024,59798.020000000004,57597.0,24.5375,25.5625,23.9625
19-05-2024,68794.79000000001,64376.0,23.825,24.2375,24.7125
20-05-2024,73633.34,73661.0,23.925,25.825,26.675
21-05-2024,73941.42,72585.0,20.6125,22.1375,24.6375
22-05-2024,75568.45,73564.0,22.275,24.675,25.05
23-05-2024,78622.8,76195.0,23.3,25.475,26.375
24-05-2024,68468.72,72083.0,18.9625,18.45,24.375
25-05-2024,62306.87,65083.0,18.775,17.7625,24.1125
26-05-2024,68621.37,73303.0,19.6375,21.0,23.7375
27-05-2024,74662.52,76645.0,22.925,23.4875,26.2625
28-05-2024,60593.73,62230.0,18.514285714285712,19.47142857142857,22.97142857142857
29-05-2024,68605.95,69660.0,19.15,18.225,23.1625
30-05-2024,67804.18,67944.0,18.8875,17.712500000000002,23.1625
31-05-2024,63124.1,63771.0,19.275,18.9625,23.5625
01-06-2024,61797.89,61263.0,20.9,23.575,23.2625
02-06-2024,74697.97,75081.0,24.825,27.7875,24.5125
03-06-2024,81107.38,77924.0,28.8375,29.55,26.0125
04-06-2024,83611.48,80688.0,24.0875,27.25,25.7375
05-06-2024,83497.86,82352.0,23.3875,26.7125,25.7375
06-06-2024,86446.01,85150.0,27.25,29.375,25.7875
07-06-2024,85797.97,83113.0,28.0875,30.2125,27.3
08-06-2024,83001.12,79206.0,25.5875,29.125,27.3375
09-06-2024,86084.59,82875.0,22.0,23.125,26.725
10-06-2024,84427.7,85827.0,21.95,23.875,26.3125
11-06-2024,82404.7,79426.0,22.575,24.875,26.625
12-06-2024,78429.51,77058.0,23.8875,26.75,26.7625
13-06-2024,90657.28,87602.0,28.5625,31.2625,27.1125
14-06-2024,91806.33,93189.0,30.4375,32.5875,28.175
15-06-2024,88619.54,92229.0,29.3125,31.3875,28.7625
16-06-2024,88922.24,95854.0,23.35,27.25,27.85
17-06-2024,83667.33,2400.0,22.85,25.275,26.825
18-06-2024,82183.55,2400.0,23.3125,26.9625,26.275
19-06-2024,84796.2,2400.0,23.8625,28.8375,26.912499999999998
20-06-2024,89225.48,87886.0,24.65,28.1375,27.3375
21-06-2024,86222.61,85476.0,23.8625,26.25,27.7875
22-06-2024,80559.4,82605.0,22.85,23.5625,27.775
23-06-2024,89013.17,89557.0,23.2125,24.0,28.4
24-06-2024,90596.17,91378.0,23.7125,25.55,28.125
25-06-2024,89059.27,91512.0,23.7,27.75,28.1375
26-06-2024,89278.66,90262.0,23.425,27.1875,27.6875
27-06-2024,93336.54,91998.0,24.325,28.275000000000002,28.4375
28-06-2024,65986.29,80366.0,24.12857142857143,26.957142857142856,28.614285714285717
29-06-2024,77951.85,85117.0,23.7,24.8,28.3875
30-06-2024,89422.44,91245.0,23.75,23.4875,28.2375
01-07-2024,90130.56,92395.0,23.4125,23.5625,28.4875
02-07-2024,90379.43,90034.0,23.675,23.8625,28.3875
05-07-2024,87492.43,87687.0,25.375,27.0125,28.7625
06-07-2024,81239.13,82095.0,24.1,22.4875,28.45
07-07-2024,89881.82,89322.0,23.625,23.9375,28.4875
08-07-2024,93055.53,90397.0,24.1625,25.0125,28.9
09-07-2024,96083.41,95473.0,25.0125,27.7375,29.0125
10-07-2024,98435.87,97628.0,27.5875,29.3875,29.575
11-07-2024,100685.76,98853.0,29.475,29.9875,29.675
12-07-2024,94989.95,95591.0,28.05,29.6125,29.900000000000002
13-07-2024,90897.95,88055.0,25.6875,27.1875,29.7625
14-07-2024,95750.42,92605.0,24.35,23.325,29.625
15-07-2024,97990.85,94548.0,24.7125,24.825000000000003,29.825
16-07-2024,97227.74,97400.0,24.825,27.2875,29.325
17-07-2024,96616.69,96838.0,25.15,27.587500000000002,28.9
18-07-2024,96773.83,98197.0,24.975,27.8625,28.65
19-07-2024,92905.79000000001,92277.0,24.95,26.5125,29.325
20-07-2024,92427.86,87877.0,25.0125,26.475,29.6625
21-07-2024,101249.24,97162.0,25.6375,28.25,29.9
22-07-2024,101702.74,102892.0,25.5375,26.975,30.15
23-07-2024,100490.07,100711.0,25.675,27.3125,29.725
24-07-2024,98989.20999999999,99127.0,24.7625,24.6875,29.8375
25-07-2024,99724.72,100075.0,25.7125,26.325,29.9375
26-07-2024,93091.93000000001,94396.0,25.175,25.6,30.2
27-07-2024,89811.8,90255.0,25.5,24.8875,29.7625
28-07-2024,98157.16,98550.0,26.25,25.65,29.95
29-07-2024,99107.66,99943.0,26.125,25.1125,30.1625
30-07-2024,98746.48,98903.0,25.1125,25.5875,29.5875
31-07-2024,97062.69,99308.0,24.825,26.7875,29.4125
01-08-2024,98559.91,99669.0,25.225,28.0125,29.4375
02-08-2024,93463.65,94069.0,24.9125,27.025,29.4375
03-08-2024,88509.76,90454.0,25.0375,25.2625,29.525
04-08-2024,93618.93,97091.0,24.3875,25.425,29.1
05-08-2024,93317.84,94934.0,24.2375,24.7,29.0125
06-08-2024,93615.05,94008.0,25.0125,25.3375,29.2
07-08-2024,93504.31999999999,95695.0,24.7375,25.1875,29.2
08-08-2024,96104.14,93614.0,24.975,25.6375,29.325
09-08-2024,90291.81999999999,92635.0,24.7125,25.6625,28.9
10-08-2024,85822.0,87903.0,24.7875,23.725,29.2875
11-08-2024,92452.06,94733.0,24.8125,23.85,29.6625
12-08-2024,95279.16,93192.0,25.1875,24.8125,29.6125
13-08-2024,94248.22,93643.0,25.1125,26.725,29.4125
14-08-2024,94241.65,96111.0,25.1125,26.5625,29.075
15-08-2024,95101.9,95135.0,24.675,24.375,29.4125
16-08-2024,90887.85,88933.0,24.7875,24.25,29.7125
17-08-2024,87532.7,86044.0,24.9875,25.1125,29.9
18-08-2024,96914.54,94713.0,25.525,27.85,29.2625
19-08-2024,96478.89,99000.0,25.2,28.5625,29.5875
20-08-2024,93899.07,94955.0,24.775,24.625,29.075
21-08-2024,94140.68,94435.0,24.65,24.775,29.1125
22-08-2024,96342.44,92986.0,26.15,25.45,29.6875
23-08-2024,90421.4,90538.0,25.9625,24.5875,29.625
24-08-2024,86540.59,86345.0,25.45,23.85,29.8625
25-08-2024,94941.26999999999,92535.0,25.5125,25.1,29.4875
26-08-2024,96808.36,95504.0,26.55,28.1125,29.6625
27-08-2024,97623.35,95316.0,26.175,27.0625,29.825000000000003
28-08-2024,92387.03,93543.0,25.325,23.85,29.5125
29-08-2024,92424.17,91913.0,24.8375,23.2375,29.35
30-08-2024,87676.64,85919.0,24.65,23.1,29.4125
31-08-2024,83751.07,83124.0,24.675,23.075,29.5625
01-09-2024,90687.06,90684.0,24.5625,22.5625,28.775
02-09-2024,89268.26,90575.0,25.0,23.75,28.725
03-09-2024,89150.72,90194.0,24.975,23.3875,28.425
04-09-2024,88949.14,88347.0,24.075,22.825,28.8
05-09-2024,87807.9,87851.0,24.35,22.9,28.5
06-09-2024,73247.98999999999,71523.0,23.82857142857143,22.585714285714285,28.185714285714287
07-09-2024,82642.67,81065.0,24.575,24.125,28.75
08-09-2024,82500.09,79778.0,24.914285714285715,26.042857142857144,29.2
09-09-2024,91063.75,90315.0,24.8125,26.2125,28.55
10-09-2024,90406.0,89040.0,24.5875,25.55,28.5625
11-09-2024,88578.8,90428.0,24.9375,26.5875,28.2875
12-09-2024,66526.48,64481.0,26.233333333333334,27.316666666666666,28.96666666666667
13-09-2024,90548.2,87753.0,25.975,26.25,28.7875
14-09-2024,80750.2,82564.0,24.1125,22.0,28.6375
15-09-2024,87778.14,88360.0,24.1875,22.225,28.85
16-09-2024,85038.9,85579.0,23.625,21.325,28.3625
17-09-2024,80492.96,83653.0,23.2875,20.8375,27.25
18-09-2024,79329.64,80200.0,23.3625,20.7625,27.0
19-09-2024,68556.92,67591.0,22.7,21.2,27.02857142857143
20-09-2024,80416.08,76608.0,24.05,24.375,28.1875
21-09-2024,75804.46,72055.0,22.8375,21.65,27.9625
22-09-2024,78193.31,78200.0,22.4625,20.15,27.825
23-09-2024,76613.29,77824.0,22.0125,20.1375,26.875
24-09-2024,77300.43,76699.0,23.1625,21.725,26.7875
25-09-2024,80302.73999999999,78128.0,23.1125,22.3625,27.0
26-09-2024,82286.15,81563.0,23.45,22.9,27.2
27-09-2024,79385.33,79213.0,23.9125,23.9375,27.5
28-09-2024,74572.63,76436.0,23.4,24.05,26.725
29-09-2024,79338.24,79179.0,22.2125,21.4375,26.787499999999998
30-09-2024,77961.27,77155.0,22.0125,20.475,26.625
01-10-2024,74763.53,75775.0,21.7875,19.175,26.4
02-10-2024,70065.86,71941.0,21.25,18.9125,25.775
03-10-2024,63453.01,67112.0,21.9125,20.7,25.2125
04-10-2024,63642.09,67079.0,22.0875,22.0875,25.35
05-10-2024,57846.41,59391.0,22.085714285714285,21.17142857142857,25.900000000000002
06-10-2024,75306.91,76524.0,22.6125,21.5875,26.575
07-10-2024,67010.62,63384.0,22.285714285714285,20.814285714285713,26.67142857142857
08-10-2024,76163.19,75282.0,22.7375,21.0125,26.275
09-10-2024,75637.36,74611.0,22.9,21.5875,25.7875
10-10-2024,74933.05,74903.0,21.6,20.2125,25.525
11-10-2024,66507.74,68746.0,21.675,20.2,25.65
12-10-2024,61593.06,61791.0,22.225,21.0375,25.400000000000002
13-10-2024,73229.64,73553.0,22.4375,21.025,25.6
14-10-2024,74380.18,73401.0,22.175,22.725,25.8125
15-10-2024,75589.22,72861.0,22.6875,22.1125,26.1625
16-10-2024,70198.48,68009.0,21.7,20.8,26.0625
17-10-2024,57217.29,54615.0,21.2,19.228571428571428,25.7
18-10-2024,47011.35,45492.0,21.400000000000002,19.15,25.25
19-10-2024,37071.06,37928.0,20.22,18.64,24.080000000000002
20-10-2024,62002.69,64752.0,19.1,19.05,23.025
21-10-2024,61896.04,62027.0,18.875,18.15,22.8125
22-10-2024,59804.41,60937.0,18.075,16.2625,21.65
23-10-2024,59114.56,56226.0,18.099999999999998,15.6125,22.5
24-10-2024,55005.37,53863.0,18.3875,15.987499999999999,22.95
25-10-2024,57511.19,56877.0,19.275,17.6125,24.0
26-10-2024,54415.88,54497.0,20.125,18.55,23.975
27-10-2024,63065.3,62080.0,22.1125,20.2375,23.65
28-10-2024,63798.65,61772.0,21.5,21.275,22.8625
29-10-2024,64086.89,62237.0,19.525000000000002,19.875,21.925
30-10-2024,63336.93,62164.0,19.5125,16.45,21.7
31-10-2024,63937.03,62638.0,19.0625,17.037499999999998,21.65
01-11-2024,60885.16,58625.0,20.8625,18.175,22.675
02-11-2024,58183.04,54901.0,20.325,17.925,22.9875
03-11-2024,63786.68,61291.0,18.3125,15.7625,22.1125
04-11-2024,62914.33,63478.0,17.525,15.700000000000001,20.8
05-11-2024,62539.44,62568.0,18.675,16.9875,21.325
06-11-2024,63280.54,63331.0,20.4125,19.7875,22.8875
07-11-2024,64630.69,63556.0,20.05,17.8375,24.4
08-11-2024,61787.69,59467.0,19.5125,16.7,23.7125
09-11-2024,57868.09,56698.0,19.0625,17.125,22.0875
10-11-2024,63194.69,62978.0,18.525,16.75,22.1375
11-11-2024,63876.899999999994,62394.0,16.7625,15.3375,21.2875
12-11-2024,63807.14,62434.0,17.9625,16.3875,21.4375
13-11-2024,63062.52,62776.0,17.8125,16.9125,20.7
14-11-2024,62957.71,62238.0,17.925,15.75,20.7125
15-11-2024,58971.27,58228.0,17.3375,16.8875,20.8
16-11-2024,56826.53,56148.0,17.9875,15.3375,20.775
17-11-2024,61582.59,61292.0,17.3625,16.2375,20.1375
18-11-2024,63980.85,64820.0,14.975000000000001,13.65,19.375
19-11-2024,65442.0,66182.0,14.85,12.95,18.7375
20-11-2024,64188.32,63172.0,16.0375,14.3375,19.3375
21-11-2024,63932.159999999996,62461.0,16.537499999999998,15.512500000000001,19.7875
22-11-2024,58883.02,58319.0,19.0125,16.9875,20.8875
23-11-2024,56506.37,55916.0,19.3,17.025,22.7
24-11-2024,65723.49,63909.0,14.375,11.737499999999999,18.7125
25-11-2024,67493.43,69631.0,10.975,7.8875,15.6125
26-11-2024,70705.08,67534.0,9.5125,7.1375,14.9625
27-11-2024,75604.67,68211.0,11.4,9.1125,15.1875
28-11-2024,72822.87,72166.0,13.8125,11.4625,18.3875
29-11-2024,68521.39,66185.0,13.425,12.525,18.675
30-11-2024,63275.020000000004,62296.0,13.425,11.2375,17.725
01-12-2024,69701.64,69314.0,13.3375,11.8,16.8375
02-12-2024,71365.19,69375.0,13.575,12.375,16.9875
03-12-2024,70078.31,69056.0,14.5875,12.3,16.6375
04-12-2024,70870.45,69961.0,14.3375,12.6375,18.25
05-12-2024,69638.28,70171.0,15.4125,13.525,18.6
06-12-2024,64021.24,61513.0,15.525,13.8375,21.85
07-12-2024,61977.0,58276.0,15.675,14.475000000000001,19.5625
08-12-2024,67548.26,66604.0,15.85,13.587499999999999,18.9125
09-12-2024,67070.66,67218.0,15.9125,13.875,18.8625
10-12-2024,67569.52,66796.0,16.3375,14.5625,18.1
11-12-2024,68699.87,67228.0,15.9375,15.8625,18.1
12-12-2024,68047.61,68100.0,15.487499999999999,13.5875,19.5625
13-12-2024,63466.11,63547.0,15.112499999999999,12.075,19.675
14-12-2024,62086.76,61599.0,13.1625,10.7375,17.175
15-12-2024,70705.75,67325.0,12.0,10.5375,16.925
16-12-2024,70913.7,68759.0,12.8625,11.675,16.975
17-12-2024,70854.0,69373.0,14.325,11.6375,17.225
18-12-2024,71156.98,68992.0,14.05,12.075,17.85
19-12-2024,71563.17,69831.0,14.3125,12.6375,17.225
20-12-2024,70428.67,69810.0,13.025,10.05,16.475
21-12-2024,67659.53,65527.0,13.7125,10.9375,16.95
22-12-2024,73851.47,71085.0,13.0625,11.9625,17.6375
23-12-2024,71093.73,73166.0,14.0,12.3625,17.4875
24-12-2024,73108.38,70192.0,12.2,11.35,17.175
25-12-2024,70761.62,70881.0,13.9375,13.225,16.5125
26-12-2024,72599.29000000001,72482.0,12.95,11.125,16.6875
27-12-2024,74897.6,71369.0,9.225,8.1,15.825
28-12-2024,74904.48,69008.0,9.0875,8.65,15.8375
29-12-2024,77299.55,73966.0,10.2125,9.65,17.025
30-12-2024,83680.94,84175.0,8.65,6.675,13.925
31-12-2024,83049.73,85908.0,9.625,6.8375,14.1875
01-01-2025,77612.97,78590.0,11.9125,8.5125,14.625
02-01-2025,78106.45999999999,75973.0,12.025,9.0,15.325
03-01-2025,72543.59,69894.0,11.175,9.6,14.625
04-01-2025,71042.8,66227.0,12.1125,12.2625,14.875
05-01-2025,74935.02,72040.0,14.55,13.2625,18.1625
06-01-2025,72189.28,74660.0,13.1625,10.8375,17.25
07-01-2025,73687.74,72149.0,12.1625,9.45,16.775
08-01-2025,73171.98,72003.0,12.4,10.5125,18.15
09-01-2025,72851.04,72617.0,13.0,11.025,19.175
10-01-2025,67005.94,68242.0,12.7875,11.3375,18.425
11-01-2025,66454.34,70327.0,12.5125,10.1375,17.225
13-01-2025,70896.43,71379.0,14.3375,12.6,18.0625
14-01-2025,69337.16,69472.0,14.8,13.5375,18.0375
15-01-2025,69265.9,69199.0,15.125,13.925,17.5375
16-01-2025,69404.03,69133.0,14.725,13.45,18.0375
17-01-2025,65717.17,65019.0,13.775,11.1375,17.1
18-01-2025,63032.729999999996,63917.0,13.1,10.65,16.2375
19-01-2025,70238.14,69832.0,13.337499999999999,10.1875,15.925
20-01-2025,70955.15,69511.0,12.8625,10.3125,16.4125
21-01-2025,70355.03,69957.0,13.125,11.6125,16.8375
22-01-2025,74424.2,72463.0,12.3375,11.1625,17.45
23-01-2025,73100.67,76737.0,12.975,9.8125,16.725
24-01-2025,69776.12,68708.0,12.6125,9.5375,15.612499999999999
25-01-2025,66610.63,65092.0,12.675,10.5375,15.8375
26-01-2025,73386.16,70434.0,13.05,11.65,16.5625
27-01-2025,71667.47,72870.0,13.65,11.475,16.4
28-01-2025,71853.89,69964.0,11.8875,10.3,17.2625
29-01-2025,70943.12,68820.0,13.525,12.337499999999999,18.1875
30-01-2025,69867.09,69691.0,14.875,14.325,18.375
31-01-2025,67450.25,65568.0,13.3875,11.6875,16.9875
01-02-2025,64386.87,62816.0,13.1,11.325,17.2875
02-02-2025,70466.08,69105.0,12.6375,12.525,16.1125
03-02-2025,72319.45999999999,70617.0,13.4125,13.5375,16.325
04-02-2025,70017.73,68923.0,12.825,13.1875,16.3875
05-02-2025,76416.23,73454.0,11.25,9.475,16.675
06-02-2025,81460.61,80753.0,8.3,5.3625,14.2875
07-02-2025,79456.41,75807.0,8.2625,5.65,14.3125
08-02-2025,73794.55,70926.0,9.325,6.0375,14.5125
09-02-2025,86076.19,78895.0,7.7375,6.5625,12.2625
10-02-2025,87426.31,85133.0,8.325,7.05,13.1875
11-02-2025,84923.13,87190.0,9.7,8.275,14.15
12-02-2025,87437.45,86757.0,8.6875,7.5375,13.325
13-02-2025,84151.51,83666.0,9.675,7.3625,15.975
14-02-2025,75703.20999999999,75137.0,9.9875,8.5375,14.475
15-02-2025,69334.97,67998.0,12.5,11.825,17.3625
16-02-2025,75134.97,76191.0,12.325,10.8,17.55
17-02-2025,72882.58,74064.0,13.075,11.6125,16.6375
18-02-2025,70344.22,70573.0,14.775,13.3375,17.275
19-02-2025,72801.1,71812.0,13.25,12.0625,17.625
21-02-2025,76692.93,81918.0,8.5125,6.2375,14.1875
22-02-2025,79477.82,81408.0,6.2250000000000005,4.6125,12.4625
23-02-2025,91039.3,95106.0,4.3625,3.075,10.5375
24-02-2025,96090.04000000001,93389.0,4.5625,2.2875,9.625
25-02-2025,90361.8,90880.0,5.425,4.35,10.475
26-02-2025,85642.17,86089.0,8.6,7.2625,12.475
27-02-2025,80862.75,81381.0,10.5125,9.575,14.375
28-02-2025,73684.38,73727.0,11.8375,10.325,14.475
01-03-2025,70487.62,70876.0,11.075,9.1625,14.9375
02-03-2025,73254.28,74303.0,12.375,11.8125,15.525
03-03-2025,72581.38,71058.0,13.8125,14.2625,16.6125
04-03-2025,70172.59,70071.0,14.3,13.1375,17.8375
05-03-2025,70177.54,68056.0,12.7,12.225,17.8
06-03-2025,70447.62,70738.0,12.4875,11.275,18.5125
07-03-2025,65941.29,57709.0,11.9,9.785714285714286,16.557142857142857
08-03-2025,64765.149999999994,60314.0,13.475,12.2125,17.825
09-03-2025,67719.82,65930.0,13.325000000000001,13.525,17.35
10-03-2025,67198.39,64580.0,13.7125,12.775,17.9
11-03-2025,66343.58,65384.0,14.899999999999999,15.75,17.375
12-03-2025,64335.770000000004,63173.0,19.6,18.5875,20.7875
13-03-2025,54882.1,53439.0,21.085714285714285,19.085714285714285,24.24285714285714
14-03-2025,59013.58,60043.0,22.0,21.525,21.9125
15-03-2025,49142.57,49397.0,22.771428571428572,23.24285714285714,19.557142857142857
16-03-2025,61777.21,60222.0,24.7,23.5875,19.7
17-03-2025,63803.729999999996,61869.0,24.45,23.9125,21.9625
18-03-2025,55135.41,51547.0,19.32857142857143,19.97142857142857,21.142857142857142
19-03-2025,63574.82,62894.0,13.7125,12.875,19.65
20-03-2025,70020.44,69401.0,8.75,7.3625,15.700000000000001
21-03-2025,70971.67,69926.0,8.8375,5.85,14.3625
22-03-2025,68577.87,66208.0,10.3625,7.6625,14.25
23-03-2025,69700.22,68814.0,11.9625,10.2,15.55
24-03-2025,66251.98,65040.0,12.975,14.825,16.9125
25-03-2025,65616.46,62759.0,16.1125,18.6625,18.275
26-03-2025,64192.04,62947.0,22.15,22.0,19.775
27-03-2025,64528.97,63333.0,25.2125,24.1,23.075
28-03-2025,55588.82,58540.0,23.157142857142855,23.7,24.057142857142857
29-03-2025,56688.93,56427.0,15.275,13.3,19.75
30-03-2025,52905.07,52223.0,14.114285714285714,12.614285714285714,18.557142857142857
31-03-2025,51445.86,55209.0,18.357142857142858,18.342857142857145,20.8
01-04-2025,53482.69,53283.0,21.414285714285715,21.87142857142857,24.857142857142858
02-04-2025,61202.490000000005,62175.0,16.4,16.225,20.9
03-04-2025,54118.98,52938.0,16.3,16.7,20.271428571428572
04-04-2025,57820.06,55991.0,14.6625,13.975,19.0125
05-04-2025,56448.3,53622.0,14.3125,14.5625,19.0
06-04-2025,62992.7,63443.0,20.0875,21.7875,21.5875
07-04-2025,62058.74,62281.0,18.325,20.85,20.3625
08-04-2025,65947.49,65448.0,23.625,25.3125,24.3875
09-04-2025,64188.47,62337.0,17.725,18.3,20.4625
10-04-2025,63609.799999999996,63015.0,13.3375,11.5,18.25
11-04-2025,60520.27,59311.0,12.55,10.2125,17.575
12-04-2025,56837.01,55882.0,12.775,10.0375,18.2875
13-04-2025,55689.83,55082.0,12.9375,10.85,17.35
14-04-2025,61556.18,60238.0,13.0,10.7125,17.5625
15-04-2025,59746.42,60176.0,14.15,11.7625,19.075
16-04-2025,59002.259999999995,58384.0,15.2125,14.8375,18.4625
17-04-2025,58121.63,59673.0,18.45,19.85,20.9375
18-04-2025,55798.27,55924.0,21.9375,22.4375,21.925
19-04-2025,54466.53,53751.0,22.0,22.7875,20.9875
20-04-2025,61528.0,59648.0,18.075,20.7375,19.85
21-04-2025,60902.21,61178.0,17.95,21.0,20.1125
22-04-2025,64971.759999999995,65425.0,25.55,26.25,25.525
23-04-2025,69405.06999999999,66608.0,23.6125,26.7125,25.75
24-04-2025,65806.62,62625.0,16.9375,20.1,21.2
25-04-2025,51357.04,50381.0,16.585714285714285,16.4,21.02857142857143
26-04-2025,50301.26,48722.0,15.985714285714286,15.37142857142857,20.32857142857143
27-04-2025,61171.48,60101.0,16.2875,16.6875,20.2
28-04-2025,54096.42,52118.0,17.157142857142855,17.228571428571428,21.071428571428573
29-04-2025,62125.020000000004,61303.0,16.1875,17.4625,20.55
30-04-2025,62866.2,60229.0,21.6375,22.5875,23.7125
01-05-2025,56963.42,54940.0,17.45,17.725,21.2875
02-05-2025,58834.32,54810.0,17.7625,17.7375,21.85
03-05-2025,56617.12,52486.0,18.424999999999997,18.0,21.3125
04-05-2025,63170.84,59999.0,16.3625,15.4625,20.7625
05-05-2025,63369.36,61848.0,15.912500000000001,15.3375,21.4125
06-05-2025,62893.09,63216.0,18.1125,18.8375,21.7125
07-05-2025,64523.939999999995,62581.0,20.1375,21.6875,21.5375
08-05-2025,67212.85,64990.0,21.5,25.35,22.25
09-05-2025,65952.36,63171.0,24.6375,26.95,22.975
10-05-2025,64731.619999999995,60374.0,24.9375,26.65,23.025
11-05-2025,72419.99,71926.0,25.0875,27.3875,24.475
12-05-2025,72569.72,70299.0,21.9125,20.925,24.6625
13-05-2025,69532.25,72880.0,19.55,21.0875,23.6375
14-05-2025,68109.02,69392.0,17.6125,17.2375,22.6
15-05-2025,66256.65,66763.0,17.025,17.1,21.95
16-05-2025,63787.36,66799.0,21.6375,23.425,22.875
17-05-2025,71135.13,72125.0,30.55,31.35,27.225
18-05-2025,76431.6,79003.0,21.6125,25.0625,23.4875
19-05-2025,70266.5,70238.0,18.7625,19.9125,23.05
20-05-2025,68241.68,68333.0,17.8375,18.537499999999998,22.125
21-05-2025,67782.41,68199.0,18.1,19.4625,22.125
22-05-2025,70035.69,66386.0,20.1125,21.1875,23.2125
23-05-2025,49239.68,47716.0,19.166666666666668,19.916666666666668,23.483333333333334
24-05-2025,64298.55,63277.0,20.3,23.0125,23.9875
25-05-2025,73454.73999999999,72305.0,22.9,26.3375,24.2125
26-05-2025,77888.29000000001,79291.0,26.674999999999997,29.0,26.1875
27-05-2025,73149.25,76763.0,19.025,19.1375,23.9125
28-05-2025,68997.83,69703.0,18.0875,17.5,23.7875
29-05-2025,69050.23,69187.0,18.55,18.7375,23.6625
30-05-2025,64786.85,65010.0,19.2125,21.3375,23.525
31-05-2025,64782.43,64403.0,23.4,23.6875,24.8375
01-06-2025,67701.04000000001,64456.0,19.6875,21.275,23.975
02-06-2025,61590.04,62068.0,18.7375,18.775,23.7625
03-06-2025,68922.52,67869.0,19.125,19.0,23.925
04-06-2025,70225.07,71215.0,20.1,20.7,24.175
05-06-2025,72250.19,72774.0,23.0625,24.6625,24.55
06-06-2025,69911.18,69446.0,24.2875,25.5875,24.5875
07-06-2025,65743.49,67420.0,22.1,25.05,24.6875
08-06-2025,71411.48,73664.0,20.475,25.2,24.575
09-06-2025,63307.08,63879.0,20.25714285714286,24.385714285714283,25.2
10-06-2025,77151.34,73844.0,21.225,25.525,25.5625
11-06-2025,67241.78,66466.0,21.74285714285714,25.7,25.428571428571427
12-06-2025,80078.95,80500.0,22.425,27.3625,25.625
13-06-2025,76795.59,77546.0,23.5875,27.5125,25.75
14-06-2025,73386.78,73292.0,22.025,27.2625,26.2
15-06-2025,66140.28,71358.0,21.25714285714286,23.228571428571428,26.099999999999998
16-06-2025,72870.45,76177.0,21.175,22.5125,25.6
17-06-2025,74368.97,73799.0,22.075,23.8,25.85
18-06-2025,77548.32,74805.0,23.5375,24.175,27.125
19-06-2025,78149.45999999999,81741.0,23.8125,24.5125,26.45
20-06-2025,74678.45,75990.0,21.675,24.375,26.075
21-06-2025,72642.45,72895.0,22.0625,25.325,26.2375
22-06-2025,43421.81,44455.0,21.220000000000002,22.94,26.160000000000004
23-06-2025,78022.95999999999,77679.0,22.5125,22.875,27.1125
24-06-2025,68172.67,67031.0,23.17142857142857,22.7,26.957142857142856
25-06-2025,83240.19,82104.0,22.65,24.4125,27.1375
26-06-2025,83301.66,86541.0,22.8625,26.225,26.5625
27-06-2025,79325.88,80641.0,24.8625,27.6375,27.2
28-06-2025,77395.67,79685.0,25.4375,28.8125,27.2
29-06-2025,86791.25,88850.0,25.475,28.85,27.3375
30-06-2025,75090.54000000001,73893.0,23.8,25.82857142857143,27.728571428571428
01-07-2025,88105.07,91050.0,25.7875,27.525,28.275
02-07-2025,88538.25,89983.0,23.6375,25.3375,28.1375
03-07-2025,88649.34,88605.0,23.45,25.425,27.4625
04-07-2025,84523.36,84100.0,24.037499999999998,25.175,27.9875
05-07-2025,79245.77,80645.0,24.5,24.2125,27.975
06-07-2025,88192.29000000001,89422.0,25.400000000000002,24.4125,28.3625
07-07-2025,90086.85,88779.0,23.575,25.325,28.2
08-07-2025,90805.01,89943.0,23.3875,26.1375,27.9875
09-07-2025,88607.86,89894.0,22.9,25.3375,27.6875
10-07-2025,90314.68000000001,90714.0,23.25,27.025,27.8375
11-07-2025,79070.29,78091.0,25.24285714285714,28.599999999999998,28.400000000000002
12-07-2025,84243.88,84108.0,24.2375,28.0875,28.6625
13-07-2025,80296.68,80587.0,23.37142857142857,25.24285714285714,28.24285714285714
14-07-2025,76129.9,77909.0,22.428571428571427,22.957142857142856,27.585714285714285
15-07-2025,87777.8,89293.0,22.975,24.85,27.7875
16-07-2025,89076.75,90370.0,23.925,26.7625,28.775
17-07-2025,91282.01,93384.0,27.1875,29.3,29.425
18-07-2025,89796.98,88368.0,26.4,27.9625,28.7625
19-07-2025,83635.98999999999,85617.0,23.4625,23.7875,28.35
20-07-2025,80589.5,83257.0,23.157142857142855,24.157142857142855,28.37142857142857
21-07-2025,92645.46,94147.0,23.75,26.2375,28.5
22-07-2025,95167.1,96167.0,24.9625,28.9375,28.7
23-07-2025,97953.0,99025.0,25.7125,28.8875,29.1
24-07-2025,103110.03,100097.0,24.975,28.45,29.65
25-07-2025,92610.90000000001,94063.0,24.5625,27.8,29.5125
26-07-2025,91517.44,92009.0,25.3625,29.3125,29.6875
27-07-2025,87474.44,91190.0,26.557142857142857,30.785714285714285,30.87142857142857
28-07-2025,100066.5,101651.0,25.325,28.675,29.525
29-07-2025,98461.04000000001,99884.0,24.225,25.3125,29.525
30-07-2025,96285.49,97838.0,24.125,24.75,29.2875
31-07-2025,92581.51,96393.0,24.175,23.2125,29.025
01-08-2025,86826.17,87777.0,23.8625,23.0,29.225
02-08-2025,84402.73,84600.0,24.425,24.35,29.0
03-08-2025,89965.58,92436.0,24.575,24.65,29.0
04-08-2025,90439.03,92202.0,24.1625,24.2,28.8
05-08-2025,90355.19,91943.0,24.525,23.5625,28.75
06-08-2025,92864.92,92882.0,24.1625,24.6375,28.925
07-08-2025,82912.54000000001,84304.0,24.5,25.47142857142857,28.74285714285714
08-08-2025,93047.3,93692.0,25.4125,28.0375,28.8875
09-08-2025,93245.31,92615.0,25.9875,28.925,29.8625
10-08-2025,101710.31,100740.0,26.7125,30.575,30.275
11-08-2025,104721.06,103913.0,27.737499999999997,32.45,30.025
12-08-2025,110185.73999999999,105031.0,28.75,35.2125,30.1625
13-08-2025,114102.66,109682.0,30.975,36.4875,30.8125
14-08-2025,112502.73,116148.0,31.2875,34.4625,30.7
15-08-2025,101968.58,106864.0,27.6875,29.8625,30.85
16-08-2025,92153.05,97117.0,25.2375,25.95,30.15
17-08-2025,94517.88,97934.0,24.6,24.025,29.4375
18-08-2025,79657.99,81353.0,24.114285714285717,23.0,28.942857142857143
19-08-2025,91650.92,93433.0,24.075,24.8625,29.1
20-08-2025,92709.23,91579.0,24.7625,25.625,29.2875
21-08-2025,93968.98,91923.0,24.375,24.375,29.2625
22-08-2025,90175.77,90373.0,24.6125,25.6875,29.0375
23-08-2025,88047.94,86549.0,25.175,27.325,29.45
24-08-2025,95612.15,95994.0,24.6375,26.4375,29.375
25-08-2025,94671.05,95116.0,24.2875,24.3375,29.4875
26-08-2025,92870.06,92199.0,23.9125,23.525,29.2375
27-08-2025,92231.42,92076.0,23.65,23.4125,29.0
28-08-2025,89680.8,91425.0,23.6875,23.5,28.55
29-08-2025,83455.72,87070.0,23.8375,24.525,28.1
30-08-2025,79212.91,83235.0,23.7125,24.4,28.7
31-08-2025,86949.72,91154.0,23.5125,23.4625,28.4
01-09-2025,88010.08,88427.0,23.725,23.4625,28.5375
02-09-2025,89249.14,88079.0,23.8625,23.45,28.85
03-09-2025,88082.3,88887.0,23.5,23.0875,28.9125
04-09-2025,88418.13,89949.0,23.6125,24.25,28.6125
05-09-2025,86237.83,85925.0,24.2625,26.55,28.5
06-09-2025,83310.58,82174.0,24.1625,25.65,28.3375
07-09-2025,86527.15,87296.0,23.7875,23.1375,28.6
08-09-2025,85416.29,86600.0,22.9875,22.3625,28.1875
09-09-2025,84046.16,84718.0,23.45,22.3875,28.175
10-09-2025,82918.55,84455.0,23.6875,22.5875,27.6625
11-09-2025,85688.86,85721.0,24.7,23.837500000000002,28.0
12-09-2025,83060.82,83986.0,24.7875,25.7125,27.925
13-09-2025,79813.09,81719.0,24.0625,26.4375,27.8125
14-09-2025,87308.2,86726.0,23.8875,26.6875,28.05
15-09-2025,74691.98999999999,74731.0,23.62857142857143,24.857142857142858,28.12857142857143
16-09-2025,85932.3,86554.0,23.7,23.4375,28.05
17-09-2025,75618.81,77209.0,23.642857142857142,23.385714285714283,28.114285714285717
18-09-2025,84928.87,85520.0,23.0875,22.8375,27.65
19-09-2025,80747.93,80323.0,24.1125,22.8875,28.1625
20-09-2025,74962.88,76098.0,24.5,23.6375,28.0125
21-09-2025,83462.48,84573.0,25.4,25.1625,28.0125
22-09-2025,83929.76,80727.0,26.0625,25.1625,28.5
23-09-2025,77834.64,78207.0,25.4375,25.875,27.925
24-09-2025,75924.22,75755.0,23.0125,22.3875,27.925
25-09-2025,77352.09,78085.0,21.6375,20.625,27.3
26-09-2025,74112.32,77683.0,22.3875,21.65,27.0875
27-09-2025,71652.48,74292.0,23.2375,25.0,26.6875
28-09-2025,80213.52,81395.0,24.1875,26.65,26.5625
29-09-2025,80476.55,77729.0,23.1375,23.6875,27.05
30-09-2025,78741.99,80617.0,22.3625,21.85,26.9125
01-10-2025,70740.71,72197.0,21.6125,20.5375,26.5625
02-10-2025,63795.48,65534.0,21.975,22.4875,26.0625
03-10-2025,74585.0,70717.0,27.2875,26.7875,28.375
04-10-2025,73828.25,70316.0,23.4625,23.6625,27.7125
05-10-2025,78661.58,79579.0,23.0625,21.8,27.05
06-10-2025,71389.06,73372.0,21.8875,20.05,26.1
07-10-2025,64757.04,69364.0,21.9,20.4375,25.6
09-10-2025,69229.5,67350.0,20.65,20.0125,25.75
10-10-2025,63444.58,64554.0,20.25,19.35,24.3625
11-10-2025,60351.240000000005,62094.0,20.125,20.8625,24.3375
12-10-2025,66813.06,66584.0,20.45,18.75,25.5375
13-10-2025,64661.18,63219.0,19.9625,19.5625,24.837500000000002
14-10-2025,51195.25,52309.0,19.400000000000002,18.900000000000002,23.428571428571427
15-10-2025,52028.759999999995,52242.0,20.3,19.383333333333333,24.316666666666666
16-10-2025,66934.79000000001,67125.0,20.425,19.525,24.25
17-10-2025,64145.04,63508.0,20.775,20.8875,25.075
18-10-2025,53252.6,51722.0,20.228571428571428,18.857142857142858,24.985714285714288
19-10-2025,67363.67,66026.0,20.3625,18.65,24.45
20-10-2025,68976.11,68126.0,20.6625,21.1875,24.7
21-10-2025,69943.69,70028.0,21.7125,23.625,24.8125
22-10-2025,69796.34999999999,71184.0,23.45,24.7875,25.9
23-10-2025,61015.73,60404.0,25.542857142857144,26.228571428571428,25.214285714285715
24-10-2025,68577.65,68361.0,22.0875,21.6625,25.425
25-10-2025,63109.01,63494.0,21.075,22.212500000000002,24.475
26-10-2025,77143.45,75705.0,20.41111111111111,21.1,24.133333333333336
27-10-2025,69597.93000000001,70369.0,20.6125,20.9375,24.6625
28-10-2025,69759.9,69421.0,20.775,21.7875,24.05
29-10-2025,68823.69,69786.0,20.5875,18.9875,24.4
30-10-2025,69124.54,70894.0,21.1125,21.575,24.75
31-10-2025,65436.68,69359.0,24.25,23.3125,25.5375
01-11-2025,62898.45,67120.0,23.5125,24.775,26.0625
02-11-2025,69574.0,71969.0,25.2625,25.65,24.875
03-11-2025,71068.02,69040.0,24.6,24.6,24.9
04-11-2025,72803.26,71268.0,26.5875,25.875,27.4375
05-11-2025,74299.11,73512.0,28.05,26.925,26.05
06-11-2025,73315.94,73409.0,23.675,23.9125,25.05
07-11-2025,67709.25,66004.0,20.825,20.825,24.7375
08-11-2025,63344.82,61993.0,20.125,21.0375,24.05
09-11-2025,69197.97,68870.0,23.125,23.9625,23.7625
10-11-2025,69387.25,69642.0,25.3125,24.0,23.25
11-11-2025,68934.99,67468.0,20.675,21.175,23.925
12-11-2025,67595.98,66867.0,19.825,19.25,24.025
13-11-2025,66699.91,66841.0,19.2375,18.9,23.0
14-11-2025,61254.41,62557.0,14.3,14.325,18.8375
15-11-2025,58291.18,59633.0,16.3125,13.75,22.0875
16-11-2025,63808.79,64828.0,16.925,14.4375,20.9125
17-11-2025,44809.22,45693.0,16.983333333333334,16.266666666666666,20.7
18-11-2025,54393.65,54996.0,18.457142857142856,17.257142857142856,23.085714285714285
19-11-2025,63807.75,64164.0,19.85,17.9625,25.6875
20-11-2025,56736.2,57026.0,22.47142857142857,21.2,24.52857142857143
21-11-2025,50951.17,54854.0,24.228571428571428,23.771428571428572,26.457142857142856
22-11-2025,59972.44,59436.0,24.425,22.599999999999998,29.475
23-11-2025,67126.97,65686.0,22.6625,21.3125,28.2875
24-11-2025,65913.16,65426.0,20.7,20.8625,24.8375
25-11-2025,64860.76,64462.0,16.5,15.2625,22.25
26-11-2025,54858.34,56073.0,16.5,14.471428571428572,19.928571428571427
27-11-2025,62878.81,64101.0,17.9625,17.0625,21.9875
28-11-2025,58802.520000000004,58182.0,19.3375,18.0,21.5875
29-11-2025,56763.66,56552.0,19.675,19.3125,21.3125
30-11-2025,64530.64,64452.0,16.7625,15.5,20.825
01-12-2025,64039.28,65736.0,16.0625,14.5,19.95
02-12-2025,64332.76,65053.0,16.85,14.825,19.7625
03-12-2025,64510.83,63641.0,17.1625,16.3375,19.900000000000002
04-12-2025,64223.08,63755.0,17.3375,16.175,21.45
05-12-2025,60182.25,59314.0,17.9625,18.0125,23.25
06-12-2025,58525.37,56446.0,17.2875,17.875,21.475
09-12-2025,68885.9,68045.0,11.8,12.7,18.225
10-12-2025,72386.95999999999,74425.0,11.0375,11.1625,16.1
11-12-2025,76659.93000000001,77312.0,11.6375,10.4375,15.2125
12-12-2025,68045.61,70196.0,13.5625,11.2375,17.2125
13-12-2025,63713.05,65866.0,14.7875,12.3125,17.9875
14-12-2025,69686.41,70806.0,13.7625,12.6875,17.7
15-12-2025,73969.37,75418.0,13.2375,11.6375,15.4375
16-12-2025,73380.84,73020.0,11.75,10.25,16.775000000000002
17-12-2025,75742.28,75165.0,10.45,8.0625,14.7125
18-12-2025,74878.31,74703.0,13.85,11.2375,15.325
19-12-2025,70202.58,69372.0,14.8375,12.1,17.6125
20-12-2025,64739.44,65568.0,14.525,13.075000000000001,18.625
21-12-2025,71752.34,73790.0,12.925,13.1375,17.875
22-12-2025,71090.52,74305.0,14.3375,14.3375,17.85
23-12-2025,73482.16,73390.0,13.025,13.0625,17.1625
24-12-2025,71824.0,73506.0,13.55,13.5375,18.75
25-12-2025,71169.0,72095.0,12.6,12.5125,18.3875
26-12-2025,67992.20999999999,68325.0,14.0375,12.8375,17.1
27-12-2025,68862.45,67024.0,12.4125,10.8,17.625
28-12-2025,77789.47,78413.0,11.0625,9.1375,17.825
29-12-2025,80594.31,79597.0,12.0375,9.2125,18.1375
30-12-2025,77973.39,79708.0,12.1625,10.5375,16.9125
31-12-2025,75883.77,77726.0,12.9125,11.5,17.7125
